{"cameraMode":{"drawMode":0,"name":"Shaded","section":"Shading Mode"},"sceneLighting":true,"audioPlay":false,"sceneViewState":{"showFog":true,"showMaterialUpdate":false,"showSkybox":true,"showFlares":true,"showImageEffects":true,"showParticleSystems":true},"in2DMode":false,"pivot":{"x":2.180530548095703,"y":-42.26988983154297,"z":37.7535285949707},"rotation":{"x":-0.3553590178489685,"y":-0.009256306104362011,"z":0.0035214486997574569,"w":-0.9346982836723328},"size":132.33348083496095,"orthographic":false}