{"cameraMode":{"drawMode":0,"name":"Shaded","section":"Shading Mode"},"sceneLighting":true,"audioPlay":false,"sceneViewState":{"showFog":true,"showMaterialUpdate":false,"showSkybox":true,"showFlares":true,"showImageEffects":true,"showParticleSystems":true},"in2DMode":false,"pivot":{"x":2.1985621452331545,"y":2.7927463054656984,"z":5.186322212219238},"rotation":{"x":0.3154727816581726,"y":-0.015656501054763795,"z":0.005205824505537748,"w":0.9487923979759216},"size":3.5586509704589845,"orthographic":false}