{"cameraMode":{"drawMode":0,"name":"Shaded","section":"Shading Mode"},"sceneLighting":true,"audioPlay":false,"sceneViewState":{"showFog":true,"showMaterialUpdate":false,"showSkybox":true,"showFlares":true,"showImageEffects":true,"showParticleSystems":true},"in2DMode":false,"pivot":{"x":24.804697036743165,"y":-113.85838317871094,"z":-3.791846513748169},"rotation":{"x":-0.4884474277496338,"y":-0.003405484836548567,"z":0.0019063176587224007,"w":-0.8725846409797669},"size":187.3544921875,"orthographic":false}