{"cameraMode":{"drawMode":0,"name":"Shaded","section":"Shading Mode"},"sceneLighting":true,"audioPlay":false,"sceneViewState":{"showFog":true,"showMaterialUpdate":false,"showSkybox":true,"showFlares":true,"showImageEffects":true,"showParticleSystems":true},"in2DMode":false,"pivot":{"x":6.098415851593018,"y":-4.9101762771606449,"z":-6.074775695800781},"rotation":{"x":-0.213155135512352,"y":0.009375520050525666,"z":-0.002047474030405283,"w":-0.9769906401634216},"size":27.750633239746095,"orthographic":false}